DROP TABLE PERSOANA CASCADE CONSTRAINTS;
DROP TABLE PERMIS CASCADE CONSTRAINTS;
DROP TABLE CATEGORIE CASCADE CONSTRAINTS;
DROP TABLE SANCTIUNE CASCADE CONSTRAINTS;
DROP TABLE VEHICUL CASCADE CONSTRAINTS;
DROP TABLE INMATRICULARE CASCADE CONSTRAINTS;
DROP TABLE RCA CASCADE CONSTRAINTS;
DROP TABLE ITP CASCADE CONSTRAINTS;
DROP TABLE DETALII_PERMIS CASCADE CONSTRAINTS;
DROP TABLE ISTORIC_INSTRAINARE CASCADE CONSTRAINTS;


-- PERSOANA
CREATE TABLE PERSOANA (
    ID_PERSOANA NUMBER(11),
    COD_PERSOANA CHAR(13) NOT NULL,
    TIP_PERSOANA CHAR(9) NOT NULL,
    NUME VARCHAR2(100) NOT NULL,
    PRENUME VARCHAR2(100) NOT NULL,
    ADRESA VARCHAR2(100) NOT NULL,
    LOCALITATE VARCHAR2(30) NOT NULL,
    JUDET VARCHAR2(15) NOT NULL,
    DATA_NASTERE_INFIINTARE DATE NOT NULL,
    
    CONSTRAINT PK_PERSOANA PRIMARY KEY (ID_PERSOANA),
    CONSTRAINT UK_COD_PERS UNIQUE (COD_PERSOANA),
    
    CONSTRAINT CK_COD_LEN CHECK (LENGTH(TRIM(COD_PERSOANA)) BETWEEN 2 AND 13),
    CONSTRAINT CK_TIP_PERS CHECK (TIP_PERSOANA IN ('FIZICA', 'JURIDICA')),
    CONSTRAINT CK_JUDET CHECK (JUDET IN (
        'ALBA', 'ARAD', 'ARGES', 'BACAU', 'BIHOR', 'BISTRITA-NASAUD', 'BOTOSANI', 
        'BRAILA', 'BRASOV', 'BUCURESTI', 'BUZAU', 'CALARASI', 'CARAS-SEVERIN', 
        'CLUJ', 'CONSTANTA', 'COVASNA', 'DAMBOVITA', 'DOLJ', 'GALATI', 'GIURGIU', 
        'GORJ', 'HARGHITA', 'HUNEDOARA', 'IALOMITA', 'IASI', 'ILFOV', 'MARAMURES', 
        'MEHEDINTI', 'MURES', 'NEAMT', 'OLT', 'PRAHOVA', 'SALAJ', 'SATU MARE', 
        'SIBIU', 'SUCEAVA', 'TELEORMAN', 'TIMIS', 'TULCEA', 'VASLUI', 'VALCEA', 'VRANCEA'
    ))
);

-- PERMIS
CREATE TABLE PERMIS (
    ID_PERMIS NUMBER(16),
    NUMAR_PERMIS CHAR(9) NOT NULL,
    DATA_EMITERE DATE NOT NULL,
    DATA_EXPIRARE DATE NOT NULL,
    UNITATE_EMITENTA VARCHAR2(100) NOT NULL,
    ID_PERSOANA NUMBER(11) NOT NULL,
    
    CONSTRAINT PK_PERMIS PRIMARY KEY (ID_PERMIS),
    CONSTRAINT UK_NR_PERMIS UNIQUE (NUMAR_PERMIS),
    
    CONSTRAINT FK_PERMIS_PERS FOREIGN KEY (ID_PERSOANA) 
        REFERENCES PERSOANA(ID_PERSOANA),
        
    CONSTRAINT CK_NR_POZITIV CHECK (NUMAR_PERMIS > 0),
    CONSTRAINT CK_PERMIS_DATA CHECK (DATA_EMITERE < DATA_EXPIRARE)
);

-- CATEGORIE
CREATE TABLE CATEGORIE (
    COD_CATEGORIE VARCHAR2(3),
    DESCRIERE VARCHAR2(30) NOT NULL,
    VARSTA_MINIMA NUMBER(2) DEFAULT 18 NOT NULL,
    TERMEN_VALABILITATE NUMBER(2) DEFAULT 10 NOT NULL,
    
    CONSTRAINT PK_CATEGORIE PRIMARY KEY (COD_CATEGORIE)
);

-- SANCTIUNE
CREATE TABLE SANCTIUNE (
    ID_SANCTIUNE NUMBER(15),
    TIP_SANCTIUNE VARCHAR2(11) NOT NULL,
    PUNCTE_PENALIZARE NUMBER(2) NOT NULL,
    DATA_EXPIRARE DATE NOT NULL,
    ID_PERSOANA NUMBER(11) NOT NULL,
    
    CONSTRAINT PK_SANCTIUNE PRIMARY KEY (ID_SANCTIUNE),
    
    CONSTRAINT FK_SANCT_PERS FOREIGN KEY (ID_PERSOANA) 
        REFERENCES PERSOANA(ID_PERSOANA),
        
    CONSTRAINT CK_TIP_SANCT CHECK (TIP_SANCTIUNE IN ('AVERTISMENT', 'AMENDA', 'SUSPENDARE')),
    CONSTRAINT CK_PUNCTE CHECK (PUNCTE_PENALIZARE BETWEEN 0 AND 15)
);

-- VEHICUL
CREATE TABLE VEHICUL (
    SERIE_SASIU CHAR(17),
    MARCA VARCHAR2(20) NOT NULL,
    MODEL VARCHAR2(50) NOT NULL,
    AN_FABRICATIE NUMBER(4) NOT NULL,
    PRIMA_INMATRICULARE DATE,
    CAPACITATE_CILINDRICA NUMBER(5) NOT NULL,
    PUTERE NUMBER(5) NOT NULL,
    COMBUSTIBIL VARCHAR2(20) NOT NULL,
    NORMA_POLUARE CHAR(8) NOT NULL,
    CULOARE VARCHAR2(12) NOT NULL,
    
    CONSTRAINT PK_VEHICUL PRIMARY KEY (SERIE_SASIU),
    
    CONSTRAINT CK_AN_FABR CHECK (AN_FABRICATIE >= 1886),
    CONSTRAINT CK_CAPACITATE CHECK (CAPACITATE_CILINDRICA BETWEEN 0 AND 99999),
    CONSTRAINT CK_PUTERE CHECK (PUTERE BETWEEN 1 AND 9999),
    CONSTRAINT CK_COMBUSTIBIL CHECK (COMBUSTIBIL IN ('BENZINA', 'MOTORINA', 'BENZINA HIBRID', 'MOTORINA HIBRID', 'NEPOLUANT')),
    CONSTRAINT CK_NORMA CHECK (NORMA_POLUARE IN ('NON-EURO', 'EURO1', 'EURO2', 'EURO3', 'EURO4', 'EURO5', 'EURO6', 'EURO7'))
);

-- INMATRICULARE
CREATE TABLE INMATRICULARE (
    ID_INMATRICULARE NUMBER(16),
    TIP_INMATRICULARE VARCHAR2(20) NOT NULL,
    NUMAR_INMATRICULARE VARCHAR2(10) NOT NULL,
    DATA_INMATRICULARE DATE NOT NULL,
    DATA_RADIERE DATE,
    SERIE_SASIU CHAR(17) NOT NULL,
    
    CONSTRAINT PK_INMATRICULARE PRIMARY KEY (ID_INMATRICULARE),
    CONSTRAINT UK_NR_INMAT UNIQUE (NUMAR_INMATRICULARE),
    
    CONSTRAINT FK_INM_VEH FOREIGN KEY (SERIE_SASIU) 
        REFERENCES VEHICUL(SERIE_SASIU) ON DELETE CASCADE,
        
    CONSTRAINT CK_TIP_INM CHECK (TIP_INMATRICULARE IN ('PERMANENT', 'PROVIZORIU', 'TEMPORAR', 'PROBE', 'DIPLOMATIC', 'MINISTER'))
);

-- RCA
CREATE TABLE RCA (
    ID_RCA NUMBER(15),
    ASIGURATOR VARCHAR2(30) NOT NULL,
    DECONTARE_DIRECTA NUMBER(1) NOT NULL,
    DATA_INCEPUT DATE NOT NULL,
    DATA_SFARSIT DATE NOT NULL,
    SERIE_SASIU CHAR(17) NOT NULL,
    
    CONSTRAINT PK_RCA PRIMARY KEY (ID_RCA),
    
    CONSTRAINT FK_RCA_VEH FOREIGN KEY (SERIE_SASIU) 
        REFERENCES VEHICUL(SERIE_SASIU) ON DELETE CASCADE,
        
    CONSTRAINT CK_DECONTARE CHECK (DECONTARE_DIRECTA IN (0, 1)),
    CONSTRAINT CK_RCA_DATA CHECK (DATA_INCEPUT < DATA_SFARSIT)
);

-- ITP
CREATE TABLE ITP (
    ID_ITP NUMBER(15),
    VERDICT VARCHAR2(16) NOT NULL,
    DATA_VERIFICARE DATE NOT NULL,
    DATA_EXPIRARE DATE NOT NULL,
    UNITATE_INSPECTIE VARCHAR2(50) NOT NULL,
    KILOMETRAJ NUMBER(7) NOT NULL,
    SERIE_SASIU CHAR(17) NOT NULL,
    
    CONSTRAINT PK_ITP PRIMARY KEY (ID_ITP),
    
    CONSTRAINT FK_ITP_VEH FOREIGN KEY (SERIE_SASIU) 
        REFERENCES VEHICUL(SERIE_SASIU) ON DELETE CASCADE,
        
    CONSTRAINT CK_VERDICT CHECK (VERDICT IN ('ADMIS', 'ADMIS CU DEFECTE', 'RESPINS')),
    CONSTRAINT CK_ITP_DATA CHECK (DATA_VERIFICARE <= DATA_EXPIRARE),
    CONSTRAINT CK_ITP_KILOMETRAJ CHECK (KILOMETRAJ >= 0)
);

-- DETALII_PERMIS
CREATE TABLE DETALII_PERMIS (
    ID_PERMIS NUMBER(16),
    COD_CATEGORIE VARCHAR2(3),
    DATA_OBTINERE DATE DEFAULT SYSDATE NOT NULL,
    DATA_EXPIRARE DATE NOT NULL,
    CONDITIE VARCHAR2(50),
    
    CONSTRAINT PK_DETALII PRIMARY KEY (ID_PERMIS, COD_CATEGORIE),
    
    CONSTRAINT FK_DET_PERMIS FOREIGN KEY (ID_PERMIS) 
        REFERENCES PERMIS(ID_PERMIS),
        
    CONSTRAINT FK_DET_CATEG FOREIGN KEY (COD_CATEGORIE) 
        REFERENCES CATEGORIE(COD_CATEGORIE),
        
    CONSTRAINT CK_DP_DATA CHECK (DATA_OBTINERE < DATA_EXPIRARE)
);

-- ISTORIC_INSTRAINARE
CREATE TABLE ISTORIC_INSTRAINARE (
    ID_INSTRAINARE NUMBER(15),
    ID_PERSOANA NUMBER(11) NOT NULL,
    SERIE_SASIU CHAR(17) NOT NULL,
    DATA_INSTRAINARE DATE DEFAULT SYSDATE NOT NULL,
    PRET_VANZARE NUMBER(10, 2) DEFAULT 0 NOT NULL,
    KILOMETRAJ NUMBER(7) DEFAULT 0 NOT NULL,
    
    CONSTRAINT PK_INSTRAINARE PRIMARY KEY (ID_INSTRAINARE),
    
    CONSTRAINT FK_INST_PERS FOREIGN KEY (ID_PERSOANA) 
        REFERENCES PERSOANA(ID_PERSOANA),
        
    CONSTRAINT FK_INST_VEH FOREIGN KEY (SERIE_SASIU) 
        REFERENCES VEHICUL(SERIE_SASIU) ON DELETE CASCADE,

    CONSTRAINT CK_INST_VEH_KILOMETRAJ CHECK (KILOMETRAJ >= 0)
);

commit; 


-- CATEGORIE
INSERT INTO CATEGORIE VALUES ('AM', 'Moped', 16, 10);
INSERT INTO CATEGORIE VALUES ('A1', 'Motocicleta <125cc', 16, 10);
INSERT INTO CATEGORIE VALUES ('A2', 'Motocicleta <35kW', 18, 10);
INSERT INTO CATEGORIE VALUES ('A', 'Motocicleta', 24, 10);
INSERT INTO CATEGORIE VALUES ('B1', 'Cvadriciclu', 16, 10);
INSERT INTO CATEGORIE VALUES ('B', 'Autoturism', 18, 10);
INSERT INTO CATEGORIE VALUES ('BE', 'Autoturism + Remorca', 18, 10);
INSERT INTO CATEGORIE VALUES ('C1', 'Camion mic', 18, 5);
INSERT INTO CATEGORIE VALUES ('C1E', 'Camion mic + Remorca', 18, 5);
INSERT INTO CATEGORIE VALUES ('C', 'Camion mare', 21, 5);
INSERT INTO CATEGORIE VALUES ('CE', 'Camion mare + Remorca', 21, 5);
INSERT INTO CATEGORIE VALUES ('D1', 'Microbuz', 21, 5);
INSERT INTO CATEGORIE VALUES ('D1E', 'Microbuz + Remorca', 21, 5);
INSERT INTO CATEGORIE VALUES ('D', 'Autobuz', 24, 5);
INSERT INTO CATEGORIE VALUES ('DE', 'Autobuz + Remorca', 24, 5);
INSERT INTO CATEGORIE VALUES ('Tr', 'Tractor', 18, 10);
INSERT INTO CATEGORIE VALUES ('Tb', 'Troleibuz', 24, 10);
INSERT INTO CATEGORIE VALUES ('Tv', 'Tramvai', 24, 10);

-- PERSOANA
INSERT INTO PERSOANA VALUES (100, '1990101409382', 'FIZICA', 'IONESCU', 'ANDREI', 'Bvd. Magheru 7', 'SECTOR 1', 'BUCURESTI', TO_DATE('01-01-1999', 'DD-MM-YYYY'));
INSERT INTO PERSOANA VALUES (101, '1800505125721', 'FIZICA', 'POPESCU', 'ION', 'Str. Lalelelor 5', 'Cluj-Napoca', 'CLUJ', TO_DATE('05-05-1980', 'DD-MM-YYYY'));
INSERT INTO PERSOANA VALUES (102, '1750404221049', 'FIZICA', 'AMARIEI', 'VASILE', 'Bvd. Stefan cel Mare', 'Iasi', 'IASI', TO_DATE('04-04-1975', 'DD-MM-YYYY'));
INSERT INTO PERSOANA VALUES (103, '1951212168530', 'FIZICA', 'PRUNA', 'GIGEL', 'Str. Prazului 3', 'Craiova', 'DOLJ', TO_DATE('12-12-1995', 'DD-MM-YYYY'));
INSERT INTO PERSOANA VALUES (104, '1880808354429', 'FIZICA', 'SCHMIDT', 'MARCEL', 'Pta. Unirii 1', 'Timisoara', 'TIMIS', TO_DATE('08-08-1988', 'DD-MM-YYYY'));
INSERT INTO PERSOANA VALUES (105, '2990606136618', 'FIZICA', 'MARIN', 'ELENA', 'Faleza Nord', 'Constanta', 'CONSTANTA', TO_DATE('06-06-1999', 'DD-MM-YYYY'));
INSERT INTO PERSOANA VALUES (106, '1820202125799', 'FIZICA', 'MURESAN', 'OVIDIU', 'Str. Horea 10', 'Cluj-Napoca', 'CLUJ', TO_DATE('02-02-1982', 'DD-MM-YYYY'));
INSERT INTO PERSOANA VALUES (107, '1900505226711', 'FIZICA', 'LUNGU', 'VIOREL', 'Bvd. Independentei 4', 'Iasi', 'IASI', TO_DATE('05-05-1990', 'DD-MM-YYYY'));
INSERT INTO PERSOANA VALUES (108, '1780909165522', 'FIZICA', 'POPA', 'MARIN', 'Calea Bucuresti 100', 'Craiova', 'DOLJ', TO_DATE('09-09-1978', 'DD-MM-YYYY'));
INSERT INTO PERSOANA VALUES (109, '1950303354433', 'FIZICA', 'MAYER', 'HANS', 'Pta. Victoriei 2', 'Timisoara', 'TIMIS', TO_DATE('03-03-1993', 'DD-MM-YYYY'));
INSERT INTO PERSOANA VALUES (110, '1850707137744', 'FIZICA', 'STERE', 'GOGU', 'Str. Mamaia 20', 'Constanta', 'CONSTANTA', TO_DATE('07-07-1985', 'DD-MM-YYYY'));
INSERT INTO PERSOANA VALUES (200, 'RO98765432', 'JURIDICA', 'TRANSILVANIA LOGISTICS SRL', 'REPREZENTANT', 'Str. Lunga 20', 'Brasov', 'BRASOV', TO_DATE('10-01-2010', 'DD-MM-YYYY'));
INSERT INTO PERSOANA VALUES (201, 'RO426600', 'JURIDICA', 'MINISTERUL AFACERILOR INTERNE', 'DIRECTOR LOGISTICA', 'Pta. Revolutiei 1A', 'SECTOR 1', 'BUCURESTI', TO_DATE('16-07-1860', 'DD-MM-YYYY'));
INSERT INTO PERSOANA VALUES (202, 'RO999111', 'JURIDICA', 'AMBASADA REPUBLICII FRANCEZE', 'AMBASADOR', 'Str. Biserica Amzei 13', 'SECTOR 1', 'BUCURESTI', TO_DATE('01-01-1900', 'DD-MM-YYYY'));
INSERT INTO PERSOANA VALUES (203, 'RO112233', 'JURIDICA', 'AUTOMOBILE DACIA SA', 'DIRECTOR VANZARI', 'Str. Uzinei 1', 'Mioveni', 'ARGES', TO_DATE('20-08-1966', 'DD-MM-YYYY'));

-- PERMIS
INSERT INTO PERMIS VALUES (500, '112233', TO_DATE('20-01-2023', 'DD-MM-YYYY'), TO_DATE('20-01-2033', 'DD-MM-YYYY'), 'SPCRPCIV BUCURESTI', 100);
INSERT INTO PERMIS VALUES (501, '223344', TO_DATE('15-03-2020', 'DD-MM-YYYY'), TO_DATE('15-03-2030', 'DD-MM-YYYY'), 'SPCRPCIV IASI', 102);
INSERT INTO PERMIS VALUES (502, '334455', TO_DATE('10-10-2019', 'DD-MM-YYYY'), TO_DATE('10-10-2029', 'DD-MM-YYYY'), 'SPCRPCIV DOLJ', 103);
INSERT INTO PERMIS VALUES (503, '445566', TO_DATE('01-02-2025', 'DD-MM-YYYY'), TO_DATE('01-02-2030', 'DD-MM-YYYY'), 'SPCRPCIV TIMIS', 104);
INSERT INTO PERMIS VALUES (504, '556677', TO_DATE('01-06-2024', 'DD-MM-YYYY'), TO_DATE('01-06-2034', 'DD-MM-YYYY'), 'SPCRPCIV CONSTANTA', 105);
INSERT INTO PERMIS VALUES (505, '102030', TO_DATE('15-04-2020', 'DD-MM-YYYY'), TO_DATE('15-04-2030', 'DD-MM-YYYY'), 'SPCRPCIV CLUJ', 106);
INSERT INTO PERMIS VALUES (506, '203040', TO_DATE('20-06-2025', 'DD-MM-YYYY'), TO_DATE('20-06-2030', 'DD-MM-YYYY'), 'SPCRPCIV IASI', 107);
INSERT INTO PERMIS VALUES (507, '304050', TO_DATE('10-10-2020', 'DD-MM-YYYY'), TO_DATE('10-10-2030', 'DD-MM-YYYY'), 'SPCRPCIV DOLJ', 108);
INSERT INTO PERMIS VALUES (508, '405060', TO_DATE('05-05-2017', 'DD-MM-YYYY'), TO_DATE('05-05-2027', 'DD-MM-YYYY'), 'SPCRPCIV TIMIS', 109);
INSERT INTO PERMIS VALUES (509, '506070', TO_DATE('01-08-2023', 'DD-MM-YYYY'), TO_DATE('01-08-2033', 'DD-MM-YYYY'), 'SPCRPCIV CONSTANTA', 110);

-- DETALII_PERMIS
INSERT INTO DETALII_PERMIS VALUES (500, 'B', TO_DATE('20-01-2023', 'DD-MM-YYYY'), TO_DATE('20-01-2033', 'DD-MM-YYYY'), NULL);
INSERT INTO DETALII_PERMIS VALUES (501, 'A', TO_DATE('15-03-2005', 'DD-MM-YYYY'), TO_DATE('15-03-2015', 'DD-MM-YYYY'), NULL);
INSERT INTO DETALII_PERMIS VALUES (501, 'B', TO_DATE('15-03-2000', 'DD-MM-YYYY'), TO_DATE('15-03-2030', 'DD-MM-YYYY'), NULL);
INSERT INTO DETALII_PERMIS VALUES (502, 'B', TO_DATE('10-10-2019', 'DD-MM-YYYY'), TO_DATE('10-10-2029', 'DD-MM-YYYY'), '01.06 Ochelari sau lentile de contact');
INSERT INTO DETALII_PERMIS VALUES (503, 'C', TO_DATE('01-02-2015', 'DD-MM-YYYY'), TO_DATE('01-02-2030', 'DD-MM-YYYY'), NULL);
INSERT INTO DETALII_PERMIS VALUES (503, 'CE', TO_DATE('01-02-2016', 'DD-MM-YYYY'), TO_DATE('01-02-2026', 'DD-MM-YYYY'), NULL);
INSERT INTO DETALII_PERMIS VALUES (504, 'B', TO_DATE('01-06-2024', 'DD-MM-YYYY'), TO_DATE('01-06-2034', 'DD-MM-YYYY'), '78. Transmisie automata');
INSERT INTO DETALII_PERMIS VALUES (505, 'A', TO_DATE('15-04-2005', 'DD-MM-YYYY'), TO_DATE('15-04-2035', 'DD-MM-YYYY'), NULL);
INSERT INTO DETALII_PERMIS VALUES (505, 'B', TO_DATE('15-04-2000', 'DD-MM-YYYY'), TO_DATE('15-04-2030', 'DD-MM-YYYY'), '70 - Preschimbare permis');
INSERT INTO DETALII_PERMIS VALUES (505, 'BE', TO_DATE('20-05-2015', 'DD-MM-YYYY'), TO_DATE('15-04-2025', 'DD-MM-YYYY'), NULL);
INSERT INTO DETALII_PERMIS VALUES (506, 'B', TO_DATE('20-06-2008', 'DD-MM-YYYY'), TO_DATE('20-06-2028', 'DD-MM-YYYY'), NULL);
INSERT INTO DETALII_PERMIS VALUES (506, 'C', TO_DATE('10-02-2010', 'DD-MM-YYYY'), TO_DATE('10-03-2030', 'DD-MM-YYYY'), NULL);
INSERT INTO DETALII_PERMIS VALUES (506, 'CE', TO_DATE('10-02-2011', 'DD-MM-YYYY'), TO_DATE('20-06-2026', 'DD-MM-YYYY'), NULL);
INSERT INTO DETALII_PERMIS VALUES (506, 'D', TO_DATE('15-08-2015', 'DD-MM-YYYY'), TO_DATE('20-06-2030', 'DD-MM-YYYY'), NULL);
INSERT INTO DETALII_PERMIS VALUES (507, 'B', TO_DATE('10-10-1996', 'DD-MM-YYYY'), TO_DATE('10-10-2026', 'DD-MM-YYYY'), '02 - Proteza auditiva');
INSERT INTO DETALII_PERMIS VALUES (507, 'Tr', TO_DATE('15-03-2000', 'DD-MM-YYYY'), TO_DATE('10-10-2030', 'DD-MM-YYYY'), '02 - Proteza auditiva');
INSERT INTO DETALII_PERMIS VALUES (508, 'AM', TO_DATE('05-05-2011', 'DD-MM-YYYY'), TO_DATE('05-05-2031', 'DD-MM-YYYY'), NULL);
INSERT INTO DETALII_PERMIS VALUES (508, 'A1', TO_DATE('05-05-2011', 'DD-MM-YYYY'), TO_DATE('05-05-2021', 'DD-MM-YYYY'), NULL);
INSERT INTO DETALII_PERMIS VALUES (508, 'A2', TO_DATE('05-05-2013', 'DD-MM-YYYY'), TO_DATE('05-05-2023', 'DD-MM-YYYY'), NULL);
INSERT INTO DETALII_PERMIS VALUES (508, 'A', TO_DATE('05-05-2017', 'DD-MM-YYYY'), TO_DATE('05-05-2027', 'DD-MM-YYYY'), NULL);
INSERT INTO DETALII_PERMIS VALUES (509, 'B', TO_DATE('01-08-2003', 'DD-MM-YYYY'), TO_DATE('01-08-2033', 'DD-MM-YYYY'), '71 - Duplicat');
INSERT INTO DETALII_PERMIS VALUES (509, 'D1', TO_DATE('20-07-2010', 'DD-MM-YYYY'), TO_DATE('01-08-2025', 'DD-MM-YYYY'), '71 - Duplicat');
INSERT INTO DETALII_PERMIS VALUES (509, 'D', TO_DATE('20-07-2012', 'DD-MM-YYYY'), TO_DATE('01-08-2027', 'DD-MM-YYYY'), '71 - Duplicat');

-- SANCTIUNE
INSERT INTO SANCTIUNE VALUES (913, 'AMENDA', 4, TO_DATE('11-11-2025', 'DD-MM-YYYY'), 103);
INSERT INTO SANCTIUNE VALUES (902, 'AMENDA', 2, TO_DATE('01-02-2025', 'DD-MM-YYYY'), 102);
INSERT INTO SANCTIUNE VALUES (903, 'SUSPENDARE', 15, TO_DATE('01-05-2026', 'DD-MM-YYYY'), 109);
INSERT INTO SANCTIUNE VALUES (904, 'AMENDA', 6, TO_DATE('20-09-2025', 'DD-MM-YYYY'), 107);
INSERT INTO SANCTIUNE VALUES (905, 'AVERTISMENT', 4, TO_DATE('01-08-2025', 'DD-MM-YYYY'), 110);
INSERT INTO SANCTIUNE VALUES (906, 'SUSPENDARE', 15, TO_DATE('15-11-2026', 'DD-MM-YYYY'), 108);
INSERT INTO SANCTIUNE VALUES (907, 'AMENDA', 4, TO_DATE('10-06-2025', 'DD-MM-YYYY'), 106);
INSERT INTO SANCTIUNE VALUES (908, 'AMENDA', 9, TO_DATE('15-02-2025', 'DD-MM-YYYY'), 100);
INSERT INTO SANCTIUNE VALUES (909, 'AMENDA', 6, TO_DATE('20-03-2025', 'DD-MM-YYYY'), 104);
INSERT INTO SANCTIUNE VALUES (910, 'AVERTISMENT', 2, TO_DATE('10-06-2024', 'DD-MM-YYYY'), 105);
INSERT INTO SANCTIUNE VALUES (911, 'SUSPENDARE', 15, TO_DATE('01-08-2026', 'DD-MM-YYYY'), 107);
INSERT INTO SANCTIUNE VALUES (912, 'AMENDA', 2, TO_DATE('05-09-2024', 'DD-MM-YYYY'), 102);
INSERT INTO SANCTIUNE VALUES (901, 'SUSPENDARE', 15, TO_DATE('01-03-2026', 'DD-MM-YYYY'), 103);

-- VEHICUL
INSERT INTO VEHICUL VALUES ('UU11SD42567890123', 'DACIA', 'LOGAN', 2020, TO_DATE('10-06-2020', 'DD-MM-YYYY'), 999, 74, 'BENZINA', 'EURO6', 'ALB');
INSERT INTO VEHICUL VALUES ('WBA3D310X0A123456', 'BMW', 'SERIA 3', 2018, TO_DATE('15-08-2018', 'DD-MM-YYYY'), 1995, 140, 'MOTORINA', 'EURO6', 'NEGRU');
INSERT INTO VEHICUL VALUES ('JH2SC59A18K200300', 'HONDA', 'CBR', 2003, TO_DATE('20-05-2003', 'DD-MM-YYYY'), 600, 80, 'BENZINA', 'EURO4', 'ROSU');
INSERT INTO VEHICUL VALUES ('YV2J4DCA5BB543210', 'VOLVO', 'FH16', 2021, TO_DATE('10-10-2021', 'DD-MM-YYYY'), 17300, 573, 'MOTORINA', 'EURO6', 'ALBASTRU');
INSERT INTO VEHICUL VALUES ('5YJ3E1EA5KF123456', 'TESLA', 'MODEL 3', 2023, TO_DATE('01-06-2023', 'DD-MM-YYYY'), 0, 208, 'NEPOLUANT', 'EURO6', 'VERDE');
INSERT INTO VEHICUL VALUES ('WVWZZZ3CZAE054321', 'VW', 'PASSAT', 2022, TO_DATE('01-01-2022', 'DD-MM-YYYY'), 1968, 140, 'MOTORINA', 'EURO6', 'ALB-ALBASTRU');
INSERT INTO VEHICUL VALUES ('VF1LFD00055667788', 'RENAULT', 'TALISMAN', 2023, TO_DATE('01-03-2023', 'DD-MM-YYYY'), 1600, 160, 'MOTORINA', 'EURO6', 'NEGRU');
INSERT INTO VEHICUL VALUES ('UU1BIGSTR000PROBE', 'DACIA', 'BIGSTER', 2024, NULL, 1300, 130, 'BENZINA HIBRID', 'EURO7', 'CAMUFLAJ');
INSERT INTO VEHICUL VALUES ('WF0XYXG00L5588990', 'FORD', 'PUMA', 2024, TO_DATE('10-01-2024', 'DD-MM-YYYY'), 999, 125, 'BENZINA HIBRID', 'EURO6', 'ROSU');
INSERT INTO VEHICUL VALUES ('TMBJJ7NE0LF099887', 'SKODA', 'OCTAVIA', 2024, NULL, 1968, 150, 'MOTORINA', 'EURO6', 'ARGINTIU');
INSERT INTO VEHICUL VALUES ('WAUZZZ4G1CN012345', 'AUDI', 'A6', 2019, TO_DATE('10-02-2019', 'DD-MM-YYYY'), 2967, 210, 'MOTORINA', 'EURO6', 'GRI');
INSERT INTO VEHICUL VALUES ('WDB9066331S123456', 'MERCEDES', 'SPRINTER', 2021, TO_DATE('20-03-2021', 'DD-MM-YYYY'), 2143, 120, 'MOTORINA', 'EURO6', 'ALB');
INSERT INTO VEHICUL VALUES ('1RW45678901234567', 'JOHN DEERE', '6155M', 2022, NULL, 6800, 114, 'MOTORINA', 'EURO5', 'VERDE');
INSERT INTO VEHICUL VALUES ('JYARJ075000001122', 'YAMAHA', 'MT-07', 2023, TO_DATE('01-05-2023', 'DD-MM-YYYY'), 689, 54, 'BENZINA', 'EURO5', 'NEGRU');

-- INMATRICULARE
INSERT INTO INMATRICULARE VALUES (1001, 'PERMANENT', 'B99MRE', TO_DATE('16-06-2023', 'DD-MM-YYYY'), NULL, 'UU11SD42567890123');
INSERT INTO INMATRICULARE VALUES (1002, 'PERMANENT', 'CJ10JON', TO_DATE('10-10-2024', 'DD-MM-YYYY'), NULL, 'WBA3D310X0A123456');
INSERT INTO INMATRICULARE VALUES (1003, 'PERMANENT', 'IS22VAS', TO_DATE('20-05-2015', 'DD-MM-YYYY'), NULL, 'JH2SC59A18K200300');
INSERT INTO INMATRICULARE VALUES (1004, 'PERMANENT', 'BV50TRS', TO_DATE('10-10-2021', 'DD-MM-YYYY'), NULL, 'YV2J4DCA5BB543210');
INSERT INTO INMATRICULARE VALUES (1005, 'PERMANENT', 'CT05ELA', TO_DATE('01-06-2023', 'DD-MM-YYYY'), NULL, '5YJ3E1EA5KF123456');
INSERT INTO INMATRICULARE VALUES (1006, 'MINISTER', 'MAI41223', TO_DATE('01-01-2022', 'DD-MM-YYYY'), NULL, 'WVWZZZ3CZAE054321');
INSERT INTO INMATRICULARE VALUES (1007, 'DIPLOMATIC', 'CD216104', TO_DATE('01-03-2023', 'DD-MM-YYYY'), NULL, 'VF1LFD00055667788');
INSERT INTO INMATRICULARE VALUES (1008, 'PROBE', 'B234PROBE', TO_DATE('01-04-2024', 'DD-MM-YYYY'), NULL, 'UU1BIGSTR000PROBE');
INSERT INTO INMATRICULARE VALUES (1009, 'TEMPORAR', 'B58912', TO_DATE('10-01-2024', 'DD-MM-YYYY'), TO_DATE('10-01-2025', 'DD-MM-YYYY'), 'WF0XYXG00L5588990');
INSERT INTO INMATRICULARE VALUES (1010, 'PROVIZORIU', 'B071754', TO_DATE('20-05-2024', 'DD-MM-YYYY'), TO_DATE('20-08-2024', 'DD-MM-YYYY'), 'TMBJJ7NE0LF099887');
INSERT INTO INMATRICULARE VALUES (1011, 'TEMPORAR', 'CJ2157', TO_DATE('20-06-2022', 'DD-MM-YYYY'), TO_DATE('20-06-2026', 'DD-MM-YYYY'), 'WAUZZZ4G1CN012345');
INSERT INTO INMATRICULARE VALUES (1012, 'PERMANENT', 'IS55SPR', TO_DATE('25-03-2021', 'DD-MM-YYYY'), NULL, 'WDB9066331S123456');
INSERT INTO INMATRICULARE VALUES (1013, 'PERMANENT', 'DJ15AGR', TO_DATE('15-09-2023', 'DD-MM-YYYY'), NULL, '1RW45678901234567');
INSERT INTO INMATRICULARE VALUES (1014, 'PERMANENT', 'TM07YAM', TO_DATE('05-05-2023', 'DD-MM-YYYY'), NULL, 'JYARJ075000001122');

-- ISTORIC_INSTRAINARE
INSERT INTO ISTORIC_INSTRAINARE VALUES (1, 100, 'UU11SD42567890123', TO_DATE('15-06-2023', 'DD-MM-YYYY'), 10500.00, 45000);
INSERT INTO ISTORIC_INSTRAINARE VALUES (2, 101, 'WBA3D310X0A123456', TO_DATE('10-10-2024', 'DD-MM-YYYY'), 25000.50, 120000);
INSERT INTO ISTORIC_INSTRAINARE VALUES (3, 102, 'JH2SC59A18K200300', TO_DATE('20-05-2015', 'DD-MM-YYYY'), 5000.00, 10000);
INSERT INTO ISTORIC_INSTRAINARE VALUES (4, 200, 'YV2J4DCA5BB543210', TO_DATE('10-10-2021', 'DD-MM-YYYY'), 95000.00, 5000);
INSERT INTO ISTORIC_INSTRAINARE VALUES (5, 105, '5YJ3E1EA5KF123456', TO_DATE('01-06-2023', 'DD-MM-YYYY'), 35000.00, 15);
INSERT INTO ISTORIC_INSTRAINARE VALUES (6, 201, 'WVWZZZ3CZAE054321', TO_DATE('01-01-2022', 'DD-MM-YYYY'), 30000.00, 0);
INSERT INTO ISTORIC_INSTRAINARE VALUES (7, 202, 'VF1LFD00055667788', TO_DATE('01-03-2023', 'DD-MM-YYYY'), 45000.00, 0);
INSERT INTO ISTORIC_INSTRAINARE VALUES (8, 203, 'UU1BIGSTR000PROBE', TO_DATE('01-01-2024', 'DD-MM-YYYY'), 0.00, 0);
INSERT INTO ISTORIC_INSTRAINARE VALUES (9, 100, 'WF0XYXG00L5588990', TO_DATE('10-01-2024', 'DD-MM-YYYY'), 22000.00, 5);
INSERT INTO ISTORIC_INSTRAINARE VALUES (10, 104, 'TMBJJ7NE0LF099887', TO_DATE('20-05-2024', 'DD-MM-YYYY'), 28000.00, 10);
INSERT INTO ISTORIC_INSTRAINARE VALUES (11, 106, 'WAUZZZ4G1CN012345', TO_DATE('15-06-2022', 'DD-MM-YYYY'), 32000.00, 140000);
INSERT INTO ISTORIC_INSTRAINARE VALUES (12, 107, 'WDB9066331S123456', TO_DATE('20-03-2021', 'DD-MM-YYYY'), 45000.00, 50);
INSERT INTO ISTORIC_INSTRAINARE VALUES (13, 108, '1RW45678901234567', TO_DATE('10-09-2023', 'DD-MM-YYYY'), 85000.00, 10);
INSERT INTO ISTORIC_INSTRAINARE VALUES (14, 109, 'JYARJ075000001122', TO_DATE('01-05-2023', 'DD-MM-YYYY'), 7800.00, 0);
INSERT INTO ISTORIC_INSTRAINARE VALUES (15, 110, 'WBA3D310X0A123456', TO_DATE('01-11-2024', 'DD-MM-YYYY'), 18500.00, 180000);
INSERT INTO ISTORIC_INSTRAINARE VALUES (16, 200, 'WAUZZZ4G1CN012345', TO_DATE('10-01-2025', 'DD-MM-YYYY'), 28000.00, 190000);
INSERT INTO ISTORIC_INSTRAINARE VALUES (17, 107, 'UU11SD42567890123', TO_DATE('05-05-2024', 'DD-MM-YYYY'), 6000.00, 80000);
INSERT INTO ISTORIC_INSTRAINARE VALUES (18, 109, 'JH2SC59A18K200300', TO_DATE('15-08-2023', 'DD-MM-YYYY'), 3500.00, 25000);
INSERT INTO ISTORIC_INSTRAINARE VALUES (19, 108, 'WBA3D310X0A123456', TO_DATE('01-02-2025', 'DD-MM-YYYY'), 17000.00, 185000);
INSERT INTO ISTORIC_INSTRAINARE VALUES (20, 200, 'WDB9066331S123456', TO_DATE('01-06-2024', 'DD-MM-YYYY'), 30000.00, 200000);
INSERT INTO ISTORIC_INSTRAINARE VALUES (21, 106, 'JYARJ075000001122', TO_DATE('10-07-2024', 'DD-MM-YYYY'), 6500.00, 5000);

-- RCA
INSERT INTO RCA VALUES (700, 'ALLIANZ', 1, TO_DATE('16-06-2023', 'DD-MM-YYYY'), TO_DATE('15-06-2024', 'DD-MM-YYYY'), 'UU11SD42567890123');
INSERT INTO RCA VALUES (701, 'GROUPAMA', 1, TO_DATE('10-10-2024', 'DD-MM-YYYY'), TO_DATE('09-10-2025', 'DD-MM-YYYY'), 'WBA3D310X0A123456');
INSERT INTO RCA VALUES (703, 'OMNIASIG', 1, TO_DATE('10-10-2023', 'DD-MM-YYYY'), TO_DATE('09-10-2024', 'DD-MM-YYYY'), 'YV2J4DCA5BB543210');
INSERT INTO RCA VALUES (704, 'GENERALI', 1, TO_DATE('01-06-2023', 'DD-MM-YYYY'), TO_DATE('31-05-2024', 'DD-MM-YYYY'), '5YJ3E1EA5KF123456');
INSERT INTO RCA VALUES (705, 'ALLIANZ', 1, TO_DATE('01-01-2024', 'DD-MM-YYYY'), TO_DATE('01-01-2025', 'DD-MM-YYYY'), 'WVWZZZ3CZAE054321');
INSERT INTO RCA VALUES (706, 'GROUPAMA', 1, TO_DATE('01-03-2024', 'DD-MM-YYYY'), TO_DATE('01-03-2025', 'DD-MM-YYYY'), 'VF1LFD00055667788');
INSERT INTO RCA VALUES (707, 'ASIROM', 1, TO_DATE('01-04-2024', 'DD-MM-YYYY'), TO_DATE('01-04-2025', 'DD-MM-YYYY'), 'UU1BIGSTR000PROBE');
INSERT INTO RCA VALUES (708, 'OMNIASIG', 1, TO_DATE('10-01-2024', 'DD-MM-YYYY'), TO_DATE('10-01-2025', 'DD-MM-YYYY'), 'WF0XYXG00L5588990');
INSERT INTO RCA VALUES (709, 'GENERALI', 0, TO_DATE('20-05-2024', 'DD-MM-YYYY'), TO_DATE('19-06-2024', 'DD-MM-YYYY'), 'TMBJJ7NE0LF099887');
INSERT INTO RCA VALUES (710, 'GROUPAMA', 1, TO_DATE('15-06-2024', 'DD-MM-YYYY'), TO_DATE('14-06-2025', 'DD-MM-YYYY'), 'WAUZZZ4G1CN012345');
INSERT INTO RCA VALUES (711, 'ASIROM', 1, TO_DATE('25-03-2024', 'DD-MM-YYYY'), TO_DATE('24-03-2025', 'DD-MM-YYYY'), 'WDB9066331S123456');
INSERT INTO RCA VALUES (712, 'GENERALI', 0, TO_DATE('15-09-2023', 'DD-MM-YYYY'), TO_DATE('14-09-2024', 'DD-MM-YYYY'), '1RW45678901234567');
INSERT INTO RCA VALUES (713, 'ALLIANZ', 1, TO_DATE('05-05-2023', 'DD-MM-YYYY'), TO_DATE('04-05-2024', 'DD-MM-YYYY'), 'JYARJ075000001122');

-- ITP
INSERT INTO ITP VALUES (800, 'ADMIS CU DEFECTE', TO_DATE('01-06-2023', 'DD-MM-YYYY'), TO_DATE('01-06-2025', 'DD-MM-YYYY'), 'RAR GRIVITA', 44500, 'UU11SD42567890123');
INSERT INTO ITP VALUES (801, 'ADMIS', TO_DATE('05-10-2024', 'DD-MM-YYYY'), TO_DATE('05-10-2026', 'DD-MM-YYYY'), 'RAR CLUJ', 121000, 'WBA3D310X0A123456');
INSERT INTO ITP VALUES (802, 'RESPINS', TO_DATE('15-05-2023', 'DD-MM-YYYY'), TO_DATE('15-05-2023', 'DD-MM-YYYY'), 'RAR IASI', 15000, 'JH2SC59A18K200300');
INSERT INTO ITP VALUES (803, 'ADMIS', TO_DATE('01-10-2023', 'DD-MM-YYYY'), TO_DATE('01-10-2024', 'DD-MM-YYYY'), 'RAR BRASOV', 150000, 'YV2J4DCA5BB543210');
INSERT INTO ITP VALUES (804, 'ADMIS', TO_DATE('02-06-2023', 'DD-MM-YYYY'), TO_DATE('02-06-2026', 'DD-MM-YYYY'), 'RAR CONSTANTA', 50, '5YJ3E1EA5KF123456');
INSERT INTO ITP VALUES (805, 'ADMIS', TO_DATE('05-01-2024', 'DD-MM-YYYY'), TO_DATE('05-01-2025', 'DD-MM-YYYY'), 'RAR VOLUNTARI', 15000, 'WVWZZZ3CZAE054321');
INSERT INTO ITP VALUES (806, 'ADMIS', TO_DATE('05-03-2024', 'DD-MM-YYYY'), TO_DATE('05-03-2026', 'DD-MM-YYYY'), 'RAR BUCURESTI', 5000, 'VF1LFD00055667788');
INSERT INTO ITP VALUES (807, 'ADMIS', TO_DATE('20-06-2024', 'DD-MM-YYYY'), TO_DATE('20-06-2026', 'DD-MM-YYYY'), 'RAR CLUJ', 145000, 'WAUZZZ4G1CN012345');
INSERT INTO ITP VALUES (808, 'ADMIS', TO_DATE('25-03-2023', 'DD-MM-YYYY'), TO_DATE('25-03-2025', 'DD-MM-YYYY'), 'RAR IASI', 60000, 'WDB9066331S123456');
INSERT INTO ITP VALUES (809, 'ADMIS', TO_DATE('15-09-2023', 'DD-MM-YYYY'), TO_DATE('15-09-2025', 'DD-MM-YYYY'), 'RAR DOLJ', 500, '1RW45678901234567');
INSERT INTO ITP VALUES (810, 'ADMIS', TO_DATE('05-05-2023', 'DD-MM-YYYY'), TO_DATE('05-05-2025', 'DD-MM-YYYY'), 'RAR TIMIS', 2000, 'JYARJ075000001122');

commit;